id,text,question_id,question_tag,label_id,label_tag
1116019164634857473,Qm √© q fura a orelha em casa sozinha e tem medo d tomar vacina?!klkkkk eu ne,22,related,75,related
1116019164634857473,Qm √© q fura a orelha em casa sozinha e tem medo d tomar vacina?!klkkkk eu ne,23,sentiment,80,negative
1116019172176224263,"* PROPOSTA DE EMENDA √Ä CONSTITUI√á√ÉO  PEC  06/2019.  50. Ricos tendem a se aposentar mais cedo e com maiores valores. Em geral, em especial no setor urbano, os trabalhadores socialmente mais favorecidos - valor m√©dio de cerca de R$ 2.231,00. <url>",22,related,75,related
1116019172176224263,"* PROPOSTA DE EMENDA √Ä CONSTITUI√á√ÉO  PEC  06/2019.  50. Ricos tendem a se aposentar mais cedo e com maiores valores. Em geral, em especial no setor urbano, os trabalhadores socialmente mais favorecidos - valor m√©dio de cerca de R$ 2.231,00. <url>",23,sentiment,79,positive
1116019306918289409,"No hemisf√©rio sul, a vacina√ß√£o contra a gripe √© recomendada entre os meses de mar√ßo a maio. <url>",22,related,75,related
1116019306918289409,"No hemisf√©rio sul, a vacina√ß√£o contra a gripe √© recomendada entre os meses de mar√ßo a maio. <url>",23,sentiment,79,positive
1116019461067243520,"Campanha de vacina√ß√£o, pessoal! Vamos nos proteger! <url>",22,related,75,related
1116019461067243520,"Campanha de vacina√ß√£o, pessoal! Vamos nos proteger! <url>",23,sentiment,78,positive
1116019537990889473,"Vacina√ß√£o contra influenza come√ßa hoje (10), e segue at√© o dia 31 de maio em sete unidades de sa√∫de da cidade. . #IMPACTO #ImpactoNot√≠cias #Adamantina <url>",22,related,75,related
1116019537990889473,"Vacina√ß√£o contra influenza come√ßa hoje (10), e segue at√© o dia 31 de maio em sete unidades de sa√∫de da cidade. . #IMPACTO #ImpactoNot√≠cias #Adamantina <url>",23,sentiment,79,positive
1116019539089723392,"Sexta o Darwin vai: tomar vacina, cortar unha e tomar banho. Ser√° que √© muito estresse pra um dia?",22,related,76,not_related
1116019626280988674,Ministro faz apelo para p√∫blico-alvo se vacinar contra a¬†gripe <url>,22,related,75,related
1116019626280988674,Ministro faz apelo para p√∫blico-alvo se vacinar contra a¬†gripe <url>,23,sentiment,79,positive
1116019745873104898,"Pegar meu cart√£o de vacina e descobrir que tomei a √∫ltima em 2009, 10 anos sem tomar uma vacina e isso quer dizer que TOMEI NO CU... vou ter que tomar um monte irm√£o",22,related,75,related
1116019745873104898,"Pegar meu cart√£o de vacina e descobrir que tomei a √∫ltima em 2009, 10 anos sem tomar uma vacina e isso quer dizer que TOMEI NO CU... vou ter que tomar um monte irm√£o",23,sentiment,79,neutral
1116019927381680129,A escola est√° ajudando fam√≠lias do bairro. Muitos perderam tudo! A quadra est√° acolhendo as fam√≠lias e aceitando ajudas. #SantaCruz,22,related,75,related
1116040221039005696,Paciente que morreu de febre amarela assinou termo se recusando a tomar vacina <url>,22,related,75,related
1116040221039005696,Paciente que morreu de febre amarela assinou termo se recusando a tomar vacina <url>,23,sentiment,79,neutral
1116040424093888512,Levei o gordinho pra tomar vacina e levei uma tbm,22,related,75,related
1116040424093888512,Levei o gordinho pra tomar vacina e levei uma tbm,23,sentiment,79,positive
1116040491286564864,"E o medo que eu tenho de tomar vacina.. to aqui esperando pra tomar duas, pensando seriamente em sair correndo",22,related,75,related
1116040491286564864,"E o medo que eu tenho de tomar vacina.. to aqui esperando pra tomar duas, pensando seriamente em sair correndo",23,sentiment,79,negative
1116040541333012486,MT tem uma morte por Influenza confirmada e mais duas sob suspeita; vacina√ß√£o come√ßa nesta semana <url> <url>,22,related,75,related
1116040541333012486,MT tem uma morte por Influenza confirmada e mais duas sob suspeita; vacina√ß√£o come√ßa nesta semana <url> <url>,23,sentiment,79,positive
1116044687532412929,Vacina previne complica√ß√µes da gripe em grupos de risco <url> <url>,22,related,75,related
1116044687532412929,Vacina previne complica√ß√µes da gripe em grupos de risco <url> <url>,23,sentiment,79,positive
1116044696428609537,"al√©m de perder a identidade 20 dias antes da prova, agora eu tbm perdi meu cart√£o de vacina,,,,, ai q lindo üò§",22,related,75,related
1116044696428609537,"al√©m de perder a identidade 20 dias antes da prova, agora eu tbm perdi meu cart√£o de vacina,,,,, ai q lindo üò§",23,sentiment,79,neutral
1116044719786745857,"Orvalho de Caralho agora disse que o PT tem rela√ß√µes com o narcotr√°fico, e que a m√≠dia as esconde!! Eu queria que ele apontasse s√≥ UMA. Olha s√≥ o que acontece quando voc√™ n√£o vacina o seu filho. Ele abre as pernas pra esse sujeito.",22,related,75,related
1116044784781733890,"Fui tomar vacina, s√≥ acho que eu deveria ter ganhado um pirulito por n√£o chorar e um certificado de coragem KKKKKK",22,related,75,related
1116044784781733890,"Fui tomar vacina, s√≥ acho que eu deveria ter ganhado um pirulito por n√£o chorar e um certificado de coragem KKKKKK",23,sentiment,79,neutral
1116044913420980231,Eu odeio tomar vacina,22,related,75,related
1116044913420980231,Eu odeio tomar vacina,23,sentiment,80,negative
1116044967233970177,Mastologista Cl√≠nica da Mulher <url> mamografia preventivos vacinas vacina√ß√£o na gravidez 3773-3299 Ginecologia Mastologia Unimed Ginecologista em Sete Lagoas aa0042 <url>,22,related,75,related
1126146674282385408,"A gente tem q fazer a popula√ß√£o tomar vacina, mas quando √© na gente rola o fiasco Meu bra√ßo parece q vai cair serio",22,related,75,related
1126146674282385408,"A gente tem q fazer a popula√ß√£o tomar vacina, mas quando √© na gente rola o fiasco Meu bra√ßo parece q vai cair serio",23,sentiment,80,negative
1126147349192040449,@<user> @<user> E pq pesquisa n√£o √© trabalho? A senhora j√° deixou de se vacinar pensando assim? Pq todas as vacinas que vc ja tomou s√£o frutos de pesquisas.,22,related,75,related
1126147349192040449,@<user> @<user> E pq pesquisa n√£o √© trabalho? A senhora j√° deixou de se vacinar pensando assim? Pq todas as vacinas que vc ja tomou s√£o frutos de pesquisas.,23,sentiment,78,neutral
1126147532214681601,"Ai a m√©dica passa na TV falando que quem tem rinite ou asma devem se vacinar urgente, e voc√™ lembra que tem os dois e n√£o vacinou üëç",22,related,75,related
1126147532214681601,"Ai a m√©dica passa na TV falando que quem tem rinite ou asma devem se vacinar urgente, e voc√™ lembra que tem os dois e n√£o vacinou üëç",23,sentiment,78,neutral
1126147640872321024,Th√©o vai tomar vacina meu cora√ß√£o t√° apertadinho üò•,22,related,75,related
1126147640872321024,Th√©o vai tomar vacina meu cora√ß√£o t√° apertadinho üò•,23,sentiment,80,negative
1126148657345191937,@<user> √â s√©rio miga e se der alguma febrezinha ou gripe n√£o tem nada a ver com a vacina porque o efeito dela s√≥ surge no organismo depois de 1/2 semanas,22,related,75,related
1126148657345191937,@<user> √â s√©rio miga e se der alguma febrezinha ou gripe n√£o tem nada a ver com a vacina porque o efeito dela s√≥ surge no organismo depois de 1/2 semanas,23,sentiment,78,positive
1126149225799200769,"M√£e: eu n√£o dei a vacina pro nosso filho  Pai: calma, n√£o tem problema  O filho:  KKKKKKKKKKKKKKKKKKKKK",22,related,75,related
1126149225799200769,"M√£e: eu n√£o dei a vacina pro nosso filho  Pai: calma, n√£o tem problema  O filho:  KKKKKKKKKKKKKKKKKKKKK",23,sentiment,80,neutral
1126149255763247106,Sinusite cr√¥nica √© algo que poderia j√° ter vacina.,22,related,75,not_related
1126149648014614528,Amor da Dindinha ‚ù§Ô∏è,22,related,75,related
1126149648014614528,Amor da Dindinha ‚ù§Ô∏è,23,sentiment,78,positive
1126149816797605889,eu chorei vendo a @<user> kkkkk aaaa mano protejam o beb√™,22,related,75,related
1126237127543545857,Ginecologista em Sete Lagoas Mastologista Cl√≠nica da Mulher <url> 3773-3299 vacinas vacina√ß√£o na gravidez mamografia preventivos Ginecologia Mastologia Unimed ba0007 <url>,22,related,75,related
1126292786213466112,"@<user> Os defensores n√£o os gays eu digo s√£o farsantes, defendem mas se tivesse uma vacina dariam para seus filhos",22,related,75,related
1126590515963625472,Que vacina fdp cara üò¢,22,related,75,related
1341418754631233550,Eu confesso que tenho ser√≠ssimas dificuldades em aceitar que tem pessoas que est√£o realmente protestando contra uma vacina de um v√≠rus que j√° matou mais de um milh√£o de pessoas,22,related,75,related
1341418754631233550,Eu confesso que tenho ser√≠ssimas dificuldades em aceitar que tem pessoas que est√£o realmente protestando contra uma vacina de um v√≠rus que j√° matou mais de um milh√£o de pessoas,23,sentiment,78,positive
